Title,Link,Description,Raiting,Subscriptions,Date
Information Security,https://habr.com/ru/hub/infosecurity/,Data protection,818.88,54300,2021-07-24 22:06:24.297197
Popular science,https://habr.com/ru/hub/popular_science/,Popular science as is,762.15,14400,2021-07-24 22:06:24.297197
IT career,https://habr.com/ru/hub/career/,"Work, work and work (in IT)",442.4,5700,2021-07-24 22:06:24.297197
Programming,https://habr.com/ru/hub/programming/,The art of creating computer programs,414.46,30200,2021-07-24 22:06:24.297197
Reading room,https://habr.com/ru/hub/read/,Useful literature on IT-topics,338.77,1100,2021-07-24 22:06:24.297197
Health,https://habr.com/ru/hub/health/,"""It's okay"" or how to live longer",312.95,1400,2021-07-24 22:06:24.297197
IT-companies,https://habr.com/ru/hub/itcompanies/,Companies from industry # 1,315.91,44200,2021-07-24 22:06:24.297197
Computer hardware,https://habr.com/ru/hub/hardware/,"Motherboard, videocard, memory and so on",301.8,46200,2021-07-24 22:06:24.297197
DevOps,https://habr.com/ru/hub/devops/,Software Development Methodology,295.3,1000,2021-07-24 22:06:24.297197
Personnel Management,https://habr.com/ru/hub/hr_management/,"How to properly hire, manage and part",269.33,3900,2021-07-24 22:06:24.297197
Machine learning,https://habr.com/ru/hub/machine_learning/,The basis of artificial intelligence,264.28,5200,2021-07-24 22:06:24.297197
Manufacture and development of electronics,https://habr.com/ru/hub/electronics/,How to establish a process,245.19,6500,2021-07-24 22:06:24.297197
Website development,https://habr.com/ru/hub/webdev/,Making the Web Better,237.06,56100,2021-07-24 22:06:24.297197
DIY,https://habr.com/ru/hub/DIY/,For those who is not all thumbs,236.14,42400,2021-07-24 22:06:24.297197
IT Infrastructure,https://habr.com/ru/hub/it-infrastructure/,Infocenters + databases + communication systems,233.05,13500,2021-07-24 22:06:24.297197
Python,https://habr.com/ru/hub/python/,Interpreted high-level programming language for general-purpose programming,228.64,17400,2021-07-24 22:06:24.297197
Project management,https://habr.com/ru/hub/pm/,How to make it work,210.23,5600,2021-07-24 22:06:24.297197
History of IT,https://habr.com/ru/hub/history/,Interesting stories from the past,202.64,13200,2021-07-24 22:06:24.297197
Open source,https://habr.com/ru/hub/open_source/,Open source software,214.98,11100,2021-07-24 22:06:24.297197
Mathematics,https://habr.com/ru/hub/maths/,Mother of all sciences,208.65,8900,2021-07-24 22:06:24.297197
JavaScript,https://habr.com/ru/hub/javascript/,"High-level, interpreted programming language. It is a language which is also characterized as dynamic, weakly typed, prototype-based and multi-paradigm",194.86,16400,2021-07-24 22:06:24.297197
Algorithms,https://habr.com/ru/hub/algorithms/,Everything about algorithms,192.25,27400,2021-07-24 22:06:24.297197
Game development,https://habr.com/ru/hub/gamedev/,Game development,197.71,12800,2021-07-24 22:06:24.297197
The future is here,https://habr.com/ru/hub/futurenow/,It literally knocks at the door,184.71,4300,2021-07-24 22:06:24.297197
Transport,https://habr.com/ru/hub/transport/,Rides or flies?,174.14,4100,2021-07-24 22:06:24.297197
Old hardware,https://habr.com/ru/hub/antikvariat/,How it was when we were young,166.82,13400,2021-07-24 22:06:24.297197
Astronautics,https://habr.com/ru/hub/space/,Everything about the space and its capturing,164.66,11000,2021-07-24 22:06:24.297197
Systems engineering,https://habr.com/ru/hub/engineering_systems/,Infrastructure and engineering systems,157.12,2400,2021-07-24 22:06:24.297197
Network technologies,https://habr.com/ru/hub/network_technologies/,From Ethernet to IPv6,156.16,13500,2021-07-24 22:06:24.297197
System administration,https://habr.com/ru/hub/sys_admin/,For user to be satisfied,180.12,13000,2021-07-24 22:06:24.297197
Development Management,https://habr.com/ru/hub/dev_management/,"Planning, tracking and monitoring",152.24,3900,2021-07-24 22:06:24.297197
Gadgets,https://habr.com/ru/hub/gadgets/,"Smartphones, tablets, laptops and so on",148.68,46800,2021-07-24 22:06:24.297197
Energy and batteries,https://habr.com/ru/hub/energy/,To light a light bulb,139.25,13700,2021-07-24 22:06:24.297197
Software,https://habr.com/ru/hub/soft/,Everything about software,159.24,18200,2021-07-24 22:06:24.297197
*nix,https://habr.com/ru/hub/nix/,A hub abot UNIX like OSs,117.12,10700,2021-07-24 22:06:24.297197
Games and game consoles,https://habr.com/ru/hub/games/,Rock Paper Scissors,133.09,10700,2021-07-24 22:06:24.297197
Artificial Intelligence,https://habr.com/ru/hub/artificial_intelligence/,"AI, ANN and other forms of an artificial Intelligence
",136.66,11000,2021-07-24 22:06:24.297197
Data storage,https://habr.com/ru/hub/dwh/,"What we have, we store",126.71,6400,2021-07-24 22:06:24.297197
Electronics for beginners,https://habr.com/ru/hub/easyelectronics/,"Arduino, DYI and how to assemble electronics",126.49,10800,2021-07-24 22:06:24.297197
Legislation in IT,https://habr.com/ru/hub/business-laws/,We follow how IT industry is being regulated,127.16,12800,2021-07-24 22:06:24.297197
Biology,https://habr.com/ru/hub/biology/,Everything about living systems,110.61,126,2021-07-24 22:06:24.297197
System Analysis and Design,https://habr.com/ru/hub/analysis_design/,Analyze and project,110.34,12000,2021-07-24 22:06:24.297197
Configuring Linux,https://habr.com/ru/hub/linux/,Eternal euphoria,109.59,52400,2021-07-24 22:06:24.297197
C++,https://habr.com/ru/hub/cpp/,"General-purpose programming language. It has imperative, object-oriented and generic programming features, while also providing facilities for low-level memory manipulation",105.55,12600,2021-07-24 22:06:24.297197
Java,https://habr.com/ru/hub/java/,"General-purpose computer-programming language that is concurrent, class-based, object-oriented, and specifically designed to have as few implementation dependencies as possible",103.91,16100,2021-07-24 22:06:24.297197
Physics,https://habr.com/ru/hub/physics/,A science about the world around us,100.43,6900,2021-07-24 22:06:24.297197
Reverse engineering,https://habr.com/ru/hub/reverse-engineering/,Disassemble and understand how it works,99.49,3000,2021-07-24 22:06:24.297197
Astronomy,https://habr.com/ru/hub/astronomy/,The natural science of the universe,98.9,4000,2021-07-24 22:06:24.297197
Server Administration,https://habr.com/ru/hub/s_admin/,"Installation, configuration, maintenance",94,12000,2021-07-24 22:06:24.297197
Brain,https://habr.com/ru/hub/brain/,How does he work,89.1,1500,2021-07-24 22:06:24.297197
Usability,https://habr.com/ru/hub/usability/,Ease of use,95.85,12600,2021-07-24 22:06:24.297197
Ecology,https://habr.com/ru/hub/Ecology/,Taking care of nature,87.43,4600,2021-07-24 22:06:24.297197
Semantics,https://habr.com/ru/hub/sw/,Web 3.0,86.6,9000,2021-07-24 22:06:24.297197
Development of mobile applications,https://habr.com/ru/hub/mobile_dev/,"Android, iOS, Windows Phone and so on",91.59,18200,2021-07-24 22:06:24.297197
Smartphones,https://habr.com/ru/hub/smartphones/,"Smartphones, phablets, mobile phones",82.98,46600,2021-07-24 22:06:24.297197
.NET,https://habr.com/ru/hub/net/,A hub about .NET Framework,82.28,11500,2021-07-24 22:06:24.297197
CPU,https://habr.com/ru/hub/cpu/,Learning the brains of computing devices,79.61,10400,2021-07-24 22:06:24.297197
Social networks and communities,https://habr.com/ru/hub/social_networks/,Virtual life,80.21,16900,2021-07-24 22:06:24.297197
Smart House,https://habr.com/ru/hub/home_automation/,House management 2.0,78.99,4200,2021-07-24 22:06:24.297197
Cloud services,https://habr.com/ru/hub/cloud_services/,"SaaS, clouds and how the data live in them",80.15,10200,2021-07-24 22:06:24.297197
IT systems testing,https://habr.com/ru/hub/it_testing/,Testing everything,76.35,10400,2021-07-24 22:06:24.297197
High performance,https://habr.com/ru/hub/hi/,Methods for obtaining systems high performance ,80.9,16900,2021-07-24 22:06:24.297197
Conferences,https://habr.com/ru/hub/tech_events/,Exchange of experience of participants in the IT industry,75.58,2400,2021-07-24 22:06:24.297197
Game design,https://habr.com/ru/hub/game_design/,Visual game construction,75.22,6600,2021-07-24 22:06:24.297197
Product Management,https://habr.com/ru/hub/productpm/,Learning how to manage a product,79.92,3600,2021-07-24 22:06:24.297197
Circuit design,https://habr.com/ru/hub/circuit-design/,Design of electronic circuits,71.2,6800,2021-07-24 22:06:24.297197
UEFI,https://habr.com/ru/hub/UEFI/,Unified Extensible Firmware Interface,70.6,2700,2021-07-24 22:06:24.297197
Data storaging,https://habr.com/ru/hub/storages/,"Record, save and keep for descendants",70.5,9900,2021-07-24 22:06:24.297197
Interfaces,https://habr.com/ru/hub/ui/,What helps to navigate,70.14,24300,2021-07-24 22:06:24.297197
Studying in IT,https://habr.com/ru/hub/study/,"Discuss training, courses, tests and internships",69.68,1300,2021-07-24 22:06:24.297197
Robotics,https://habr.com/ru/hub/robot/,"Robots, robots, robots",68.07,45600,2021-07-24 22:06:24.297197
Finance in IT,https://habr.com/ru/hub/finance/,About complex financial matters,68.8,9200,2021-07-24 22:06:24.297197
Development for Android,https://habr.com/ru/hub/android_dev/,Developing for most popular mobile OS,71.04,47700,2021-07-24 22:06:24.297197
Research and forecasts in IT,https://habr.com/ru/hub/research/,"Research, trends and forecasts in the IT field",66.49,1100,2021-07-24 22:06:24.297197
Science fiction,https://habr.com/ru/hub/sci-fi/,Geek's favourite genre,64.12,1200,2021-07-24 22:06:24.297197
Chemistry,https://habr.com/ru/hub/Chemistry/,Science-pop hub about chemistry,63.58,500,2021-07-24 22:06:24.297197
Programming microcontrollers,https://habr.com/ru/hub/controllers/,Learning how to program microcontrollers,63.09,9600,2021-07-24 22:06:24.297197
Data Mining,https://habr.com/ru/hub/data_mining/,Deep data analysis,66.79,11600,2021-07-24 22:06:24.297197
C,https://habr.com/ru/hub/c/,"General-purpose, imperative computer programming language, supporting structured programming, lexical variable scope and recursion, while a static type system prevents many unintended operations",66.78,10600,2021-07-24 22:06:24.297197
PHP,https://habr.com/ru/hub/php/,"Server-side scripting language designed for Web development, but also used as a general-purpose programming language",62.7,15400,2021-07-24 22:06:24.297197
Biotechnologies,https://habr.com/ru/hub/biotech/,The use of living organisms to solve tasks,63.56,9700,2021-07-24 22:06:24.297197
Image processing,https://habr.com/ru/hub/image_processing/,Working with photos and videos,77.25,10100,2021-07-24 22:06:24.297197
Learning languages,https://habr.com/ru/hub/learning_languages/,We speak not only in our native language,60.6,1100,2021-07-24 22:06:24.297197
PostgreSQL,https://habr.com/ru/hub/postgresql/,Object-relational database management system (ORDBMS) with an emphasis on extensibility and standards compliance,58.52,9200,2021-07-24 22:06:24.297197
Start-up development,https://habr.com/ru/hub/startuprise/,"The main thing is not the size of the start-up, but the ability to develop it",56.02,3700,2021-07-24 22:06:24.297197
HTML,https://habr.com/ru/hub/html5/,Standart language of webpages markup,56.55,15300,2021-07-24 22:06:24.297197
Interview,https://habr.com/ru/hub/interviews/,Interviews with representatives of the IT industry,56.6,4200,2021-07-24 22:06:24.297197
Lifehacks for geeks,https://habr.com/ru/hub/lifehacks/,The tricks of life to the note,58.32,1800,2021-07-24 22:06:24.297197
Sound,https://habr.com/ru/hub/sound/,"This ""bzzz"" is not for nothing",53.35,9700,2021-07-24 22:06:24.297197
Kubernetes,https://habr.com/ru/hub/kubernetes/,Framework for working with containerized applications,52.74,2100,2021-07-24 22:06:24.297197
Natural Language Processing,https://habr.com/ru/hub/natural_language_processing/,Computer analysis and synthesis of natural languages,49.37,2800,2021-07-24 22:06:24.297197
Development of communication systems,https://habr.com/ru/hub/netdev/,A hub about all that concerns the development of communication systems,48.7,9100,2021-07-24 22:06:24.297197
Biography of geeks,https://habr.com/ru/hub/it_bigraphy/,Stories of life of remarkable people,48.85,9300,2021-07-24 22:06:24.297197
Industrial Programming,https://habr.com/ru/hub/industrial_control_system/,Everything about process automation systems,55,6000,2021-07-24 22:06:24.297197
Robotics development,https://habr.com/ru/hub/robo_dev/,Programming and development of robotics,47.8,1200,2021-07-24 22:06:24.297197
Data storages,https://habr.com/ru/hub/data_warehouse/,Posts about data storages,46.33,7300,2021-07-24 22:06:24.297197
Adobe Flash,https://habr.com/ru/hub/flash_platform/,Deprecated multimedia software platform developed by Adobe Systems,46,8100,2021-07-24 22:06:24.297197
Search engines,https://habr.com/ru/hub/search_technologies/,From Bing to Google,48.4,9500,2021-07-24 22:06:24.297197
Design,https://habr.com/ru/hub/design/,Design will save the world,46.3,18200,2021-07-24 22:06:24.297197
Urbanism,https://habr.com/ru/hub/urban/,How cities are organized,45.52,3800,2021-07-24 22:06:24.297197
Designing and refactoring,https://habr.com/ru/hub/refactoring/,Reorganizing the code,43.11,10500,2021-07-24 22:06:24.297197
TypeScript,https://habr.com/ru/hub/typescript/,A strict syntactical superset of JavaScript,47.05,4900,2021-07-24 22:06:24.297197
Network hardware,https://habr.com/ru/hub/network_hardware/,For a computer network to work,43.37,12700,2021-07-24 22:06:24.297197
Database Administration,https://habr.com/ru/hub/db_admins/,Everything about database administration,42.61,12200,2021-07-24 22:06:24.297197
IT-emigration,https://habr.com/ru/hub/it_immigration/,IT emigration,43.1,1100,2021-07-24 22:06:24.297197
Graphic design,https://habr.com/ru/hub/graph_design/,"The process of visual communication and problem-solving through the use of typography, photography and illustration",42.36,3300,2021-07-24 22:06:24.297197
Rust,https://habr.com/ru/hub/rust/,Multi-Paradigm Compiled Language,42.15,2400,2021-07-24 22:06:24.297197
Big Data,https://habr.com/ru/hub/bigdata/,Everything about big data,48.92,10200,2021-07-24 22:06:24.297197
Developing for Arduino,https://habr.com/ru/hub/arduino/,Platform for automatics creation,47.13,10300,2021-07-24 22:06:24.297197
C#,https://habr.com/ru/hub/csharp/,"Multi-paradigm programming language encompassing strong typing, imperative, declarative, functional, generic, object-oriented (class-based), and component-oriented programming disciplines",41.08,14400,2021-07-24 22:06:24.297197
Regular expressions,https://habr.com/ru/hub/regex/,Formal search language,41.2,10000,2021-07-24 22:06:24.297197
Remote work,https://habr.com/ru/hub/remote/,Remote work and the life of distributed teams,42.71,2400,2021-07-24 22:06:24.297197
Desktop PC's,https://habr.com/ru/hub/desktops/,PC's,40.5,9200,2021-07-24 22:06:24.297197
Development for Linux,https://habr.com/ru/hub/linux_dev/,Developing for *nix,40.81,2800,2021-07-24 22:06:24.297197
Development for Windows,https://habr.com/ru/hub/win_dev/,Developing for Microsoft OSs,39.91,13300,2021-07-24 22:06:24.297197
GitHub,https://habr.com/ru/hub/github/,Web-service for hosting and development of IT projects,39.3,4800,2021-07-24 22:06:24.297197
Cloud computing,https://habr.com/ru/hub/cloud_computing/,The concept of sharing resources,38.38,11900,2021-07-24 22:06:24.297197
Development for iOS,https://habr.com/ru/hub/ios_dev/,Developing for popular mobile OS,38.1,13500,2021-07-24 22:06:24.297197
Working with video,https://habr.com/ru/hub/video/,All about creating and processing videos,38.13,14000,2021-07-24 22:06:24.297197
1C,https://habr.com/ru/hub/1C/,1C programming,36.8,619,2021-07-24 22:06:24.297197
Assembler,https://habr.com/ru/hub/assembler/,Low-level programming language in which there is a very strong correspondence between the program's statements and the architecture's machine code instructions,34.37,8700,2021-07-24 22:06:24.297197
Geoinformation services,https://habr.com/ru/hub/geo/,Maps and geotagging on the web,35.55,6700,2021-07-24 22:06:24.297197
System Programming,https://habr.com/ru/hub/system_programming/,Low-level programming,32.32,10000,2021-07-24 22:06:24.297197
SQL,https://habr.com/ru/hub/sql/,"Domain-specific languageused in programming and designed for managing data held in a relational database management system, or for stream processing in a relational data stream management system",34.63,14800,2021-07-24 22:06:24.297197
Development for IOT,https://habr.com/ru/hub/iot_dev/,Learn how to develop for IOT,39.5,3000,2021-07-24 22:06:24.297197
CSS,https://habr.com/ru/hub/css/,Cascading Style Sheets,37.3,15300,2021-07-24 22:06:24.297197
Web services testing,https://habr.com/ru/hub/web_testing/,"Seven tasks for test, one for deploy",36.86,2400,2021-07-24 22:06:24.297197
IT Standards,https://habr.com/ru/hub/itstandarts/,Standards in Information Technology,36.6,16400,2021-07-24 22:06:24.297197
Prototyping,https://habr.com/ru/hub/prototyping/,Important stage in product development,14.9,3200,2021-07-24 22:06:24.297197
Wireless technologies,https://habr.com/ru/hub/wireless/,"WiFi, Bluetooth and so on",32.19,11500,2021-07-24 22:06:24.297197
API,https://habr.com/ru/hub/api/,Application programming interface,32.25,8500,2021-07-24 22:06:24.297197
Hosting,https://habr.com/ru/hub/hosting/,"Virtual, Dedicated, Colocation",32.41,11600,2021-07-24 22:06:24.297197
Laptops,https://habr.com/ru/hub/notebooks/,Everything about laptops,30.26,10700,2021-07-24 22:06:24.297197
Node.JS,https://habr.com/ru/hub/nodejs/,"Open-source, cross-platform JavaScript run-time environment that executes JavaScript code outside the browser",31.56,8000,2021-07-24 22:06:24.297197
Data visualization,https://habr.com/ru/hub/data_visualization/,We enclose the data in a beautiful shell,30.49,8000,2021-07-24 22:06:24.297197
Kotlin,https://habr.com/ru/hub/kotlin/,Kotlin is a statically typed programming language,32.87,1000,2021-07-24 22:06:24.297197
Mesh networks,https://habr.com/ru/hub/mesh_networking/,A local network topology,28.5,4100,2021-07-24 22:06:24.297197
Nginx,https://habr.com/ru/hub/nginx/,Web server and mail proxy server,29.2,9600,2021-07-24 22:06:24.297197
Distributed systems,https://habr.com/ru/hub/distributed_systems/,Nuances of designing distributed systems,27.89,3400,2021-07-24 22:06:24.297197
Browsers,https://habr.com/ru/hub/browsers/,Web browsers,29.39,15800,2021-07-24 22:06:24.297197
Go,https://habr.com/ru/hub/go/,"Compiled, multithreaded programming language",29.32,7600,2021-07-24 22:06:24.297197
Serverless,https://habr.com/ru/hub/serverless/,Serverless computing technologies,28.05,572,2021-07-24 22:06:24.297197
Agile,https://habr.com/ru/hub/agile/,Flexible development methodology,27.57,1400,2021-07-24 22:06:24.297197
Car Gadgets,https://habr.com/ru/hub/autogadgets/,Devices and gadgets for cars,27.39,7100,2021-07-24 22:06:24.297197
Internet Explorer,https://habr.com/ru/hub/ie/,Browser developed by Microsoft,27.25,13300,2021-07-24 22:06:24.297197
Unity3D,https://habr.com/ru/hub/unity/,2D/3D games development tool,28.58,8700,2021-07-24 22:06:24.297197
Working with 3D-graphics,https://habr.com/ru/hub/3d_graphics/,It's time to render!,31.82,13500,2021-07-24 22:06:24.297197
Microservices,https://habr.com/ru/hub/microservices/,Microservice architecture and everything connected with it,28.09,5100,2021-07-24 22:06:24.297197
Web design,https://habr.com/ru/hub/web_design/,Design will save the world,32.91,29600,2021-07-24 22:06:24.297197
Search engine optimization,https://habr.com/ru/hub/seo/,Heading to the top position in search engines,25.59,2500,2021-07-24 22:06:24.297197
Symfony,https://habr.com/ru/hub/symfony/,A PHP web application framework and a set of reusable PHP components/libraries,25.93,7500,2021-07-24 22:06:24.297197
WebGL,https://habr.com/ru/hub/webgl/,JavaScript library,25.5,3300,2021-07-24 22:06:24.297197
Professional literature,https://habr.com/ru/hub/lib/,Useful reading,27.47,2800,2021-07-24 22:06:24.297197
R,https://habr.com/ru/hub/r/,R is a programming language and free software environment for statistical computing and graphics,24.85,5500,2021-07-24 22:06:24.297197
Git,https://habr.com/ru/hub/git/,File version control system,24.19,11000,2021-07-24 22:06:24.297197
FPGA,https://habr.com/ru/hub/fpga/,Programmable logic integrated circuits,24.05,1500,2021-07-24 22:06:24.297197
Logic games,https://habr.com/ru/hub/logic_games/,Developing logic,24.05,7900,2021-07-24 22:06:24.297197
Laravel,https://habr.com/ru/hub/laravel/,"Free, open-source PHP web framework",24.1,3100,2021-07-24 22:06:24.297197
Voice user interfaces,https://habr.com/ru/hub/voice_interfaces/,using voice input to control computers and devices,23.5,1200,2021-07-24 22:06:24.297197
Habr,https://habr.com/ru/hub/habr/,Awesome or not?,23.75,12300,2021-07-24 22:06:24.297197
Nanotechnologies,https://habr.com/ru/hub/nano/,Object manipulation technology,5.5,11700,2021-07-24 22:06:24.297197
Server optimization,https://habr.com/ru/hub/server_side_optimization/,Give your server a breather,23.47,15100,2021-07-24 22:06:24.297197
CAD/CAM,https://habr.com/ru/hub/cad_cam/,CAD/CAM systems,22.58,7500,2021-07-24 22:06:24.297197
ReactJS,https://habr.com/ru/hub/reactjs/,JavaScript library for interfaces creation,22.24,6400,2021-07-24 22:06:24.297197
Google API,https://habr.com/ru/hub/google_api/,"Google API — a set of classes, procedures, functions, structures and constants provided by the Google for use in external software products.",22.58,8200,2021-07-24 22:06:24.297197
Vector graphics,https://habr.com/ru/hub/vector_graphics/,SVG and so on,21.6,12300,2021-07-24 22:06:24.297197
Mobile applications design,https://habr.com/ru/hub/apps_design/,"Applications for iOS, Android, Windows Phone",21.57,5700,2021-07-24 22:06:24.297197
Data Engineering,https://habr.com/ru/hub/data_engineering/,discuss data collection and preparation,21.32,2100,2021-07-24 22:06:24.297197
Perfect code,https://habr.com/ru/hub/complete_code/,How McConnell bequeathed,21.27,24000,2021-07-24 22:06:24.297197
Yii,https://habr.com/ru/hub/yii/,"Open source, object-oriented, component-based MVC PHP web application framework",21.2,7700,2021-07-24 22:06:24.297197
Content-marketing,https://habr.com/ru/hub/contentmarketing/,Getting new users with content,20.57,2500,2021-07-24 22:06:24.297197
Patenting,https://habr.com/ru/hub/patents/,All about patents and the process of patenting,20.89,10200,2021-07-24 22:06:24.297197
E-commerce management,https://habr.com/ru/hub/ecommerce/,Everything about e-commerce,20.9,1000,2021-07-24 22:06:24.297197
Business Models,https://habr.com/ru/hub/business_models/,Entrepreneurial activity in IT,19.66,3400,2021-07-24 22:06:24.297197
Hackathon,https://habr.com/ru/hub/hackathons/,Programming marathons,18.95,1800,2021-07-24 22:06:24.297197
Virtualization,https://habr.com/ru/hub/virtualization/,"We virtualize machines, resources, applications",19.1,11900,2021-07-24 22:06:24.297197
Media management,https://habr.com/ru/hub/media_management/,Mass communication means,17.93,14200,2021-07-24 22:06:24.297197
Compilers,https://habr.com/ru/hub/compilers/,From source code to machine code,18.88,9300,2021-07-24 22:06:24.297197
Cryptography,https://habr.com/ru/hub/crypto/,Encryption and cryptanalysis,18.33,13400,2021-07-24 22:06:24.297197
Mobile applications testing,https://habr.com/ru/hub/mobile_testing/,"Methods, tips, experience",16.32,5200,2021-07-24 22:06:24.297197
TensorFlow,https://habr.com/ru/hub/tensorflow/,open source platform for machine learning,21.45,1800,2021-07-24 22:06:24.297197
3D printers,https://habr.com/ru/hub/3d-printers/,Everything about 3D printers and 3D printing technology,15.9,5900,2021-07-24 22:06:24.297197
Statistics in IT,https://habr.com/ru/hub/statistics/,"Statistics, research, tendencies.",16.15,11900,2021-07-24 22:06:24.297197
Angular,https://habr.com/ru/hub/angular/,JavaScript framework,15.23,9400,2021-07-24 22:06:24.297197
Instant Messaging,https://habr.com/ru/hub/instant_messaging/,Everything about messaging systems,14.66,9600,2021-07-24 22:06:24.297197
Cryptocurrencies,https://habr.com/ru/hub/cryptocurrency/,Money 2.0,16.59,3600,2021-07-24 22:06:24.297197
Video equipment,https://habr.com/ru/hub/video_tech/,"Video equipment, video processing, video technology",15.99,11700,2021-07-24 22:06:24.297197
IOT,https://habr.com/ru/hub/internet_of_things/,Internet of Things,14.03,5700,2021-07-24 22:06:24.297197
Development for e-commerce,https://habr.com/ru/hub/ecommerce_development/,E-commerce systems development,13.93,3000,2021-07-24 22:06:24.297197
Cellular communication,https://habr.com/ru/hub/cellular/,Everything about cellular networks,14.04,2100,2021-07-24 22:06:24.297197
Medical gadgets,https://habr.com/ru/hub/medgadgets/,A hub about medical gadgets,13.58,8800,2021-07-24 22:06:24.297197
Quantum technologies,https://habr.com/ru/hub/quantum/,A hub about quantum calculations,13.44,5200,2021-07-24 22:06:24.297197
ООP,https://habr.com/ru/hub/oop/,"Object-oriented programming (OOP) is a programming paradigm based on the concept of ""objects""",13.33,10800,2021-07-24 22:06:24.297197
Oracle,https://habr.com/ru/hub/oracle/,Database management system,13.1,8200,2021-07-24 22:06:24.297197
Domain names administrating,https://habr.com/ru/hub/domains/,Everuthing about domain names administrating,21.62,8900,2021-07-24 22:06:24.297197
Branding,https://habr.com/ru/hub/branding/,Brand yourself,12.7,2400,2021-07-24 22:06:24.297197
SQLite,https://habr.com/ru/hub/sqlite/,SQLite is a relational database management system,12.53,4200,2021-07-24 22:06:24.297197
CRM systems,https://habr.com/ru/hub/crm/,A hub about CRM systems,12.35,7200,2021-07-24 22:06:24.297197
Client optimization,https://habr.com/ru/hub/client_side_optimization/,Making websites more convenient,12.27,14000,2021-07-24 22:06:24.297197
Build automation,https://habr.com/ru/hub/build_automation/,Build automation systems,12.06,6200,2021-07-24 22:06:24.297197
Amazon Web Services,https://habr.com/ru/hub/aws/,Infrastructure of cloud web services platforms,11.53,7600,2021-07-24 22:06:24.297197
Video cards,https://habr.com/ru/hub/videocards/,Graphic adapters,12,9700,2021-07-24 22:06:24.297197
Periphery,https://habr.com/ru/hub/Peripheral/,All that is inserted into different ports of the PC,9.84,12000,2021-07-24 22:06:24.297197
Payment systems,https://habr.com/ru/hub/pay_system/,Sending money via the Web,10.95,10700,2021-07-24 22:06:24.297197
Unreal Engine,https://habr.com/ru/hub/unreal_engine/,Popular game engine,12.15,1200,2021-07-24 22:06:24.297197
Community management,https://habr.com/ru/hub/community_management/,"Community creation, support and development",11.08,2900,2021-07-24 22:06:24.297197
GPGPU,https://habr.com/ru/hub/gpgpu/,Nvidia technology for implementing algorithms,10.28,9300,2021-07-24 22:06:24.297197
VueJS,https://habr.com/ru/hub/vuejs/,Progressive JavaScript framework,9.53,5900,2021-07-24 22:06:24.297197
AR and VR,https://habr.com/ru/hub/arvr/,Augmented reality and virtual reality,12.63,12600,2021-07-24 22:06:24.297197
Abnormal programming,https://habr.com/ru/hub/crazydev/,Perversions with code,9.98,10500,2021-07-24 22:06:24.297197
Technical Writing,https://habr.com/ru/hub/technical_writing/,Everything about technical writers,9.8,751,2021-07-24 22:06:24.297197
Mobile App Analytics,https://habr.com/ru/hub/mobileanalytics/,Analysis of user behavior,19.27,5800,2021-07-24 22:06:24.297197
Backup,https://habr.com/ru/hub/backup/,Save your data ,9.08,4000,2021-07-24 22:06:24.297197
Display advertising,https://habr.com/ru/hub/display_adv/,Everything about banners,9.73,2300,2021-07-24 22:06:24.297197
Sport programming,https://habr.com/ru/hub/sport_programming/,Intellectual competitions,9.55,9300,2021-07-24 22:06:24.297197
Copyright,https://habr.com/ru/hub/copyright/,Copyright in the internet,9.47,8900,2021-07-24 22:06:24.297197
Video conferencing,https://habr.com/ru/hub/video_conferencing/,"MCUs, codecs, sofware solutions and AV-integration",10.12,1200,2021-07-24 22:06:24.297197
Mobile applications monetization,https://habr.com/ru/hub/mobile_monetization/,Learn how to monetize mobile applications,9.92,4900,2021-07-24 22:06:24.297197
Language localisation,https://habr.com/ru/hub/localization/,Translation and adaptation,9.3,1100,2021-07-24 22:06:24.297197
Service Desk,https://habr.com/ru/hub/service_desk/,Everything about technical support,9.03,1000,2021-07-24 22:06:24.297197
Entertaining tasks,https://habr.com/ru/hub/zadachki/,Warm up your brain,8.92,10800,2021-07-24 22:06:24.297197
Swift,https://habr.com/ru/hub/swift/,"General-purpose, multi-paradigm, compiled programming language",8.85,5600,2021-07-24 22:06:24.297197
Sales management,https://habr.com/ru/hub/sales/,Sales-manager is the one who makes money,8.75,3100,2021-07-24 22:06:24.297197
Typography,https://habr.com/ru/hub/typography/,Playing with fonts,8.7,12600,2021-07-24 22:06:24.297197
Dart,https://habr.com/ru/hub/dart/,Programming language created by Google,10.65,7300,2021-07-24 22:06:24.297197
ERP-systems,https://habr.com/ru/hub/erp/,Integrated management of core business processes,8.62,8100,2021-07-24 22:06:24.297197
Offices of IT companies,https://habr.com/ru/hub/office/,How the office space of IT companies is organized,8.17,8900,2021-07-24 22:06:24.297197
Contextual advertising,https://habr.com/ru/hub/context/,Contextual advertising from A to Z,9.05,2400,2021-07-24 22:06:24.297197
Django,https://habr.com/ru/hub/django/,Web applications framework on Python ,8.13,12600,2021-07-24 22:06:24.297197
Cyberpunk,https://habr.com/ru/hub/cyberpunk/,Genre of science fiction,8.12,9500,2021-07-24 22:06:24.297197
Decentralized networks,https://habr.com/ru/hub/p2p/,Overlay computer network,7.75,9100,2021-07-24 22:06:24.297197
Flutter,https://habr.com/ru/hub/flutter/,Cross-platform development framework,7.52,3400,2021-07-24 22:06:24.297197
Wearable electronics,https://habr.com/ru/hub/wearable_electronics/,All my burden on me,7.9,6100,2021-07-24 22:06:24.297197
Processing,https://habr.com/ru/hub/processing_lang/,"Programming sublanguage, based on Java",7,872,2021-07-24 22:06:24.297197
IT Terminology,https://habr.com/ru/hub/terminator/,A hub about IT-terminology: we explain the origin and meaning of certain terms and concepts related to information technology.,6.75,3300,2021-07-24 22:06:24.297197
I2P,https://habr.com/ru/hub/i2p/,"The Invisible Internet Project (I2P) is an anonymous network layer that allows for censorship-resistant, peer to peer communication.",6.7,6600,2021-07-24 22:06:24.297197
GTD,https://habr.com/ru/hub/gtd/,Method for increasing personal effectiveness,6.55,5200,2021-07-24 22:06:24.297197
SCADA,https://habr.com/ru/hub/scada/,A control system for high-level process supervisory management,6.4,5200,2021-07-24 22:06:24.297197
Debugging,https://habr.com/ru/hub/debug/,Debugging is the process of finding and resolving defects or problems within a computer program,6.57,15600,2021-07-24 22:06:24.297197
Development for MacOS,https://habr.com/ru/hub/osx_dev/,Developing for Apple desktop OS,9.15,10100,2021-07-24 22:06:24.297197
Development for Raspberry Pi,https://habr.com/ru/hub/raspberrypi/,Compact single board computer,6.28,3500,2021-07-24 22:06:24.297197
Microsoft SQL Server,https://habr.com/ru/hub/mssql/,Relational database management system developed by Microsoft,6.17,8300,2021-07-24 22:06:24.297197
Qt,https://habr.com/ru/hub/qt_software/,Cross-platform application framework,6.13,8000,2021-07-24 22:06:24.297197
Infographics,https://habr.com/ru/hub/infographics/,Data visualization,6.05,12400,2021-07-24 22:06:24.297197
Canvas,https://habr.com/ru/hub/canvas/,The canvas element is part of HTML5,6.1,8200,2021-07-24 22:06:24.297197
Atlassian,https://habr.com/ru/hub/Atlassian/,"Jira, Confluence and so on",5.75,2200,2021-07-24 22:06:24.297197
Accessibility,https://habr.com/ru/hub/accessibility/,We help people with increased needs,5.59,8800,2021-07-24 22:06:24.297197
Web services monetization,https://habr.com/ru/hub/web_monetization/,Everything about web services monetization,5.58,2600,2021-07-24 22:06:24.297197
Multicopters,https://habr.com/ru/hub/multicopters/,A rotorcraft with more than two rotors,5.46,1800,2021-07-24 22:06:24.297197
Concurrent computing,https://habr.com/ru/hub/parallel_programming/,Paralleling calculations,5.4,7500,2021-07-24 22:06:24.297197
Help Desk Software,https://habr.com/ru/hub/helpdesk/,Software used by support and customer service,5.33,7700,2021-07-24 22:06:24.297197
OpenStreetMap,https://habr.com/ru/hub/openstreetmap/,OpenStreetMap is a collaborative project to create a free editable map of the world.,5.62,8400,2021-07-24 22:06:24.297197
Cisco,https://habr.com/ru/hub/cisconetworks/,Cisco users united!,5.27,8700,2021-07-24 22:06:24.297197
Game testing,https://habr.com/ru/hub/game_testing/,Not so funny as it seems,5.18,1600,2021-07-24 22:06:24.297197
Crowdsourcing,https://habr.com/ru/hub/crowdsourcing/,Using resources of a crowd,5.13,12100,2021-07-24 22:06:24.297197
Functional Programming,https://habr.com/ru/hub/funcprog/,From Lisp to Haskell,4.87,7200,2021-07-24 22:06:24.297197
Games promotion,https://habr.com/ru/hub/game_promotion/,Tips for beginners and experienced gamedevs,5.46,3500,2021-07-24 22:06:24.297197
Open data,https://habr.com/ru/hub/opendata/,The data will be free!,5.37,5500,2021-07-24 22:06:24.297197
Development for AR and VR,https://habr.com/ru/hub/arvrdev/,Can you see the gopher? No? but he'b been developed...,5.75,3400,2021-07-24 22:06:24.297197
UML Design,https://habr.com/ru/hub/uml/,"General-purpose, developmental, modeling language in the field of software engineering",4.5,7800,2021-07-24 22:06:24.297197
Small Basic,https://habr.com/ru/hub/smallbasic/,Very simple programming language,4.5,7700,2021-07-24 22:06:24.297197
CGI,https://habr.com/ru/hub/cgi/,Images generated by a computer,4.48,3700,2021-07-24 22:06:24.297197
PDF,https://habr.com/ru/hub/pdf/,Interplanetary electronic documents format.,4.3,7900,2021-07-24 22:06:24.297197
Google Chrome,https://habr.com/ru/hub/google_chrome/,Browser developed by Gooogle,3.86,27700,2021-07-24 22:06:24.297197
Antivirus protection,https://habr.com/ru/hub/virus/,Protecting computer systems from malware,4.21,12900,2021-07-24 22:06:24.297197
Data compression,https://habr.com/ru/hub/data_compression/,Compressing and decompressing your data,3.92,2000,2021-07-24 22:06:24.297197
Visual Studio,https://habr.com/ru/hub/vs/,Integrated development environment (IDE) from Microsoft,3.8,11300,2021-07-24 22:06:24.297197
DNS,https://habr.com/ru/hub/dns/,Domain Name System,4.18,7900,2021-07-24 22:06:24.297197
MongoDB,https://habr.com/ru/hub/mongodb/,MongoDB is a free and open-source cross-platform document-oriented database program.,3.73,8600,2021-07-24 22:06:24.297197
Elixir/Phoenix,https://habr.com/ru/hub/elixirphoenix/,A hub about Elixir language and Phoenix Framework,3.67,2300,2021-07-24 22:06:24.297197
Erlang/OTP,https://habr.com/ru/hub/erlang/,"General-purpose, concurrent, functional programming language",3.67,8100,2021-07-24 22:06:24.297197
Education abroad,https://habr.com/ru/hub/edu/,Histories about education abroad,3.56,600,2021-07-24 22:06:24.297197
Ruby,https://habr.com/ru/hub/ruby/,"Dynamic, interpreted, reflective, object-oriented, general-purpose programming language",3.56,13200,2021-07-24 22:06:24.297197
Desktop environments,https://habr.com/ru/hub/desktop_environment/,KDE and stuff,3.48,9600,2021-07-24 22:06:24.297197
Version control systems,https://habr.com/ru/hub/cvs/,"GIT, SVN and so on",3.32,10000,2021-07-24 22:06:24.297197
WebAssembly,https://habr.com/ru/hub/webassembly/,Low-level bytecode for execution in the browser,3.27,2100,2021-07-24 22:06:24.297197
Shells,https://habr.com/ru/hub/shells/,Shells and company,3.2,9500,2021-07-24 22:06:24.297197
Gradle,https://habr.com/ru/hub/gradle/,Gradle is an open-source build automation system for Java projects,3,2200,2021-07-24 22:06:24.297197
Yandex API,https://habr.com/ru/hub/yandex_api/,Developing for Yandex services,3,7700,2021-07-24 22:06:24.297197
Ruby on Rails,https://habr.com/ru/hub/ror/,Server-side web application framework written in Ruby under the MIT License,3,12200,2021-07-24 22:06:24.297197
Scala,https://habr.com/ru/hub/scala/,General-purpose programming language providing support for functional programming and a strong static type system,2.93,8200,2021-07-24 22:06:24.297197
VIM,https://habr.com/ru/hub/vim/,Free text editor,2.9,8900,2021-07-24 22:06:24.297197
Hadoop,https://habr.com/ru/hub/Hadoop/,The framework for distributed applications,2.99,5800,2021-07-24 22:06:24.297197
Visual Basic for Applications,https://habr.com/ru/hub/vba/,Visual Basic for automation in applications,2.75,852,2021-07-24 22:06:24.297197
Maps API,https://habr.com/ru/hub/map_api/,Cartographic services API,2.75,7700,2021-07-24 22:06:24.297197
MySQL,https://habr.com/ru/hub/mysql/,Open-source relational database management system (RDBMS),2.7,10200,2021-07-24 22:06:24.297197
Matlab,https://habr.com/ru/hub/matlab/,MATLAB is a multi-paradigm numerical computing environment and proprietary programming language,2.68,2100,2021-07-24 22:06:24.297197
Visual programming,https://habr.com/ru/hub/visual_programming/,All about trying to visualize programming,2.6,100,2021-07-24 22:06:24.297197
Monitors and TV,https://habr.com/ru/hub/displays/,Digital life in front of you,2.52,9500,2021-07-24 22:06:24.297197
Network standards,https://habr.com/ru/hub/network_standarts/,"3G, 4G, LTE, Wi-Fi, Bluetooth and so on",2.96,11000,2021-07-24 22:06:24.297197
Godot,https://habr.com/ru/hub/godot/,Free cross-platform open-source 2D/3D-game engine,2.17,862,2021-07-24 22:06:24.297197
LaTeX,https://habr.com/ru/hub/latex/,A set of macros for TeX,2.45,7500,2021-07-24 22:06:24.297197
Photographic equipment,https://habr.com/ru/hub/photo/,Fixing Moments,2.92,10000,2021-07-24 22:06:24.297197
D,https://habr.com/ru/hub/d/,"D is an object-oriented, imperative, multi-paradigm system programming language",2.77,3300,2021-07-24 22:06:24.297197
SAN,https://habr.com/ru/hub/san/,Storage area network,2.2,2500,2021-07-24 22:06:24.297197
NoSQL,https://habr.com/ru/hub/nosql/,Not only SQL,2.2,9000,2021-07-24 22:06:24.297197
PowerShell,https://habr.com/ru/hub/powershell/,Task automation and configuration management framework,2.2,8500,2021-07-24 22:06:24.297197
Tarantool,https://habr.com/ru/hub/tarantool/,In-memory computing open source platform,2,372,2021-07-24 22:06:24.297197
Email-marketing,https://habr.com/ru/hub/emailmarketing/,Email-marketing tactics and strategy,2,1100,2021-07-24 22:06:24.297197
Telemedicine,https://habr.com/ru/hub/telemedicine/,Usage of telecommunication and information technology to provide clinical health care from a distance,2,1800,2021-07-24 22:06:24.297197
Data recovery,https://habr.com/ru/hub/data_recovery/,Data backup and recovery,1.8,9600,2021-07-24 22:06:24.297197
SaaS / S+S,https://habr.com/ru/hub/saas/,Business model of selling and using software,2,8400,2021-07-24 22:06:24.297197
Groovy & Grails,https://habr.com/ru/hub/groovy_grails/,Groovy programming language and Grails framework,2,7100,2021-07-24 22:06:24.297197
Delphi,https://habr.com/ru/hub/delphi/,"Imperative, structured, object-oriented programming language with strict static typing of variables",2,11200,2021-07-24 22:06:24.297197
WordPress,https://habr.com/ru/hub/wordpress/,"Free, open-source CMS",2.67,8700,2021-07-24 22:06:24.297197
Games monetization,https://habr.com/ru/hub/game_monetization/,Learn how to monetize games,1.91,3600,2021-07-24 22:06:24.297197
Apache,https://habr.com/ru/hub/apache/,Free and open-source cross-platform web server,4.18,8400,2021-07-24 22:06:24.297197
F#,https://habr.com/ru/hub/fsharp/,"Strongly typed, multi-paradigm programming language",1.8,1600,2021-07-24 22:06:24.297197
Web analytics,https://habr.com/ru/hub/web_analytics/,"Measurement, collection, analysis and presentation of information",1.75,4200,2021-07-24 22:06:24.297197
Microsoft Edge,https://habr.com/ru/hub/edge/,Browser developed by Microsoft,1.75,4800,2021-07-24 22:06:24.297197
Increasing Conversion Rate,https://habr.com/ru/hub/conversion/,A hub about how to increase the conversion rate,1.7,2500,2021-07-24 22:06:24.297197
Microsoft Azure,https://habr.com/ru/hub/azure/,Microsoft cloud platform,1.6,8000,2021-07-24 22:06:24.297197
Solidity,https://habr.com/ru/hub/solidity/,Solidity is a contract-oriented programming language for writing smart contracts on blockchain platforms such as Ethereum,1.5,1600,2021-07-24 22:06:24.297197
Sphinx,https://habr.com/ru/hub/sphinx/,Sphinx is a fulltext free open source search engine,1.5,8200,2021-07-24 22:06:24.297197
Xcode,https://habr.com/ru/hub/xcode/,Integrated development environment (IDE) for macOS,1.47,3100,2021-07-24 22:06:24.297197
Development for Office 365,https://habr.com/ru/hub/office365dev/,Developing for Office 365 by Microsoft,1.4,3400,2021-07-24 22:06:24.297197
CMS,https://habr.com/ru/hub/cms/,Content management systems,1.27,8400,2021-07-24 22:06:24.297197
XML,https://habr.com/ru/hub/xml/,Extensible Markup Language,1.2,8500,2021-07-24 22:06:24.297197
Firefox,https://habr.com/ru/hub/firefox/,Free and open-source web browser developed by Mozilla Foundation,1.13,14800,2021-07-24 22:06:24.297197
Joomla,https://habr.com/ru/hub/joomla/,Joomla! is a free and open-source CMS for publishing web content.,1.07,7000,2021-07-24 22:06:24.297197
Delirium coding,https://habr.com/ru/hub/code_wtf/,Code you would be ashamed of,0.94,9400,2021-07-24 22:06:24.297197
Working with icons,https://habr.com/ru/hub/iconoskaz/,Size matters,1,12200,2021-07-24 22:06:24.297197
Forth,https://habr.com/ru/hub/forth/,Imperative stack-based computer programming language,1,1700,2021-07-24 22:06:24.297197
Supercomputers,https://habr.com/ru/hub/supercomputers/,Everything about supercomputers,0.9,6900,2021-07-24 22:06:24.297197
Google Cloud Platform,https://habr.com/ru/hub/googlecloud/,Cloud platform developed by Google,1.5,3500,2021-07-24 22:06:24.297197
Browser extensions,https://habr.com/ru/hub/browser_extensions/,Extensions and plugins,0.84,8200,2021-07-24 22:06:24.297197
ECM,https://habr.com/ru/hub/ecm/,Enterprise content management,0.8,3700,2021-07-24 22:06:24.297197
Development for Tizen,https://habr.com/ru/hub/tizen_dev/,Developing for Tizen open-source OS,0.8,7100,2021-07-24 22:06:24.297197
Asterisk,https://habr.com/ru/hub/asterisk/,Free solution of computer telephony,0.6,7300,2021-07-24 22:06:24.297197
Presentations,https://habr.com/ru/hub/presentation/,"Everything about effective presentations.
How to build a structure?
How to prepare information on the slide best way?
How to choose a design and bring it to life?",0.78,9200,2021-07-24 22:06:24.297197
Cobol,https://habr.com/ru/hub/cobol/,COmmon Business-Oriented Language,0.78,7000,2021-07-24 22:06:24.297197
Spamming and anti-spamming,https://habr.com/ru/hub/spam/,Fighting with spam,0.68,12100,2021-07-24 22:06:24.297197
Monetization of IT systems,https://habr.com/ru/hub/it_monetization/,Learn how to monetize IT systems,0.67,2500,2021-07-24 22:06:24.297197
1С-Bitrix,https://habr.com/ru/hub/bitrix/,A CMS developed by 1C,0.6,6800,2021-07-24 22:06:24.297197
Lua,https://habr.com/ru/hub/lua/,"Lightweight, multi-paradigm programming language",0.5,7500,2021-07-24 22:06:24.297197
Freelance,https://habr.com/ru/hub/freelance/,Everything you wanted to know about remote job,0.5,2500,2021-07-24 22:06:24.297197
CodeIgniter,https://habr.com/ru/hub/codeigniter/,An open-source MVC-framework.,0.5,7200,2021-07-24 22:06:24.297197
SharePoint,https://habr.com/ru/hub/sharepoint/,SharePoint is a web-based collaborative platform that integrates with Microsoft Office.,0.5,8000,2021-07-24 22:06:24.297197
Tablets,https://habr.com/ru/hub/tablets/,Big gadgets for any matters,0.34,17400,2021-07-24 22:06:24.297197
Cybersport,https://habr.com/ru/hub/cybersport/,Sports in virtual reality,0.25,4900,2021-07-24 22:06:24.297197
Haskell,https://habr.com/ru/hub/haskell/,"Haskell is a standardized, general-purpose compiled purely functional programming language.",0.2,8200,2021-07-24 22:06:24.297197
Ember.js,https://habr.com/ru/hub/emberjs/,JavaScript web framework for web applications,0,818,2021-07-24 22:06:24.297197
SvelteJS,https://habr.com/ru/hub/sveltejs/,framework for creating fast web-applications,0,1400,2021-07-24 22:06:24.297197
TYPO3,https://habr.com/ru/hub/typo3/,free enterprise-class CMS based on PHP,0,694,2021-07-24 22:06:24.297197
Haxe,https://habr.com/ru/hub/haxe/,Oopen source toolkit based on a high level language,0,753,2021-07-24 22:06:24.297197
Flask,https://habr.com/ru/hub/flask/,Micro web framework written in Python,0,4700,2021-07-24 22:06:24.297197
Openshift,https://habr.com/ru/hub/openshift/,Open source container application platform,0,1100,2021-07-24 22:06:24.297197
IPFS,https://habr.com/ru/hub/IPFS/,InterPlanetary File System,0,986,2021-07-24 22:06:24.297197
Lazers,https://habr.com/ru/hub/lasers/,Optical quantum generators,0,6800,2021-07-24 22:06:24.297197
Demoscene,https://habr.com/ru/hub/demoscene/,Cyberculture,0,8400,2021-07-24 22:06:24.297197
Google Cloud Vision API,https://habr.com/ru/hub/google_cloud_vision_api/,Google API for computer sight,0,1600,2021-07-24 22:06:24.297197
Xamarin,https://habr.com/ru/hub/Xamarin/,Tools for cross-platform development,0,3400,2021-07-24 22:06:24.297197
Puppet,https://habr.com/ru/hub/puppet/,An open-source software configuration management tool,0,1300,2021-07-24 22:06:24.297197
Clojure,https://habr.com/ru/hub/clojure/,A hub about Clojure and Clojure REPL,0,1300,2021-07-24 22:06:24.297197
CoffeeScript,https://habr.com/ru/hub/coffeescript/,Programming language that transcompiles to JavaScript,0,1400,2021-07-24 22:06:24.297197
Elm,https://habr.com/ru/hub/elm/,Domain-specific programming language for declaratively creating web browser-based graphical user interfaces,0,1300,2021-07-24 22:06:24.297197
Phalcon,https://habr.com/ru/hub/phalcon/,High-performance PHP framework,0,1300,2021-07-24 22:06:24.297197
Development for Sailfish OS,https://habr.com/ru/hub/Sailfish_dev/,A hub about development for Sailfish OS,0,3300,2021-07-24 22:06:24.297197
Magento,https://habr.com/ru/hub/magento/,Web-stores magagement system,0,1900,2021-07-24 22:06:24.297197
CTF,https://habr.com/ru/hub/ctf/,Information security team competitions of CTF format,0,2900,2021-07-24 22:06:24.297197
Growth Hacking,https://habr.com/ru/hub/growthhacking/,"Process of rapid experimentation across marketing funnel, product development, sales segments, and other areas of the business to identify the most efficient ways to grow a business",0,4600,2021-07-24 22:06:24.297197
Billing systems,https://habr.com/ru/hub/billing/,Automated calculation systems,0,4100,2021-07-24 22:06:24.297197
Email layout,https://habr.com/ru/hub/devmail/,Everything that is more complicated than plain text,0,1700,2021-07-24 22:06:24.297197
Lumber room,https://habr.com/ru/hub/closet/,"A hub for different things, old and forgotten mostly.",0,14700,2021-07-24 22:06:24.297197
Smalltalk,https://habr.com/ru/hub/smalltalk/,"Object-oriented, dynamically typed, reflective programming language",0,2300,2021-07-24 22:06:24.297197
Julia,https://habr.com/ru/hub/julia/,High-level dynamic programming language,0,2500,2021-07-24 22:06:24.297197
IPv6,https://habr.com/ru/hub/ipv6/,Internet Protocol version 6 (IPv6) is the most recent version of the Internet Protocol,0,3700,2021-07-24 22:06:24.297197
Meteor.JS,https://habr.com/ru/hub/meteorjs/,Free and open-source isomorphic JavaScript web framework,0,7400,2021-07-24 22:06:24.297197
Firebird/Interbase,https://habr.com/ru/hub/firebird/,Firebird is an open source SQL relational database management system,0,3400,2021-07-24 22:06:24.297197
Derby.js,https://habr.com/ru/hub/derbyjs/,Full-stack framework,0,3400,2021-07-24 22:06:24.297197
Emacs,https://habr.com/ru/hub/emacs/,Emacs is a family of text editors that are characterized by their extensibility.,0,5700,2021-07-24 22:06:24.297197
Development for Bada,https://habr.com/ru/hub/bada_dev/,Mobile platform created by Samsung,0,6600,2021-07-24 22:06:24.297197
Mercurial,https://habr.com/ru/hub/mercurial/,Mercurial is a distributed revision-control tool for software developers,0,7400,2021-07-24 22:06:24.297197
Objective C,https://habr.com/ru/hub/objectivec/,"General-purpose, object-oriented programming language",0,11000,2021-07-24 22:06:24.297197
Fortran,https://habr.com/ru/hub/fortran/,First high-level programming language,0,7100,2021-07-24 22:06:24.297197
Cocoa,https://habr.com/ru/hub/cocoa/,Cocoa is Apple's native object-oriented application programming interface (API) for their operating system - macOS.,0,7300,2021-07-24 22:06:24.297197
Apache Flex,https://habr.com/ru/hub/flex/,"Apache Flex, formerly Adobe Flex, is a SDK for the development and deployment of cross-platform rich Internet applications.",0,6500,2021-07-24 22:06:24.297197
Action Script,https://habr.com/ru/hub/action_script/,A hub about an Action Script,0,6600,2021-07-24 22:06:24.297197
IIS,https://habr.com/ru/hub/iis/,Internet Information Services is an extensible web server created by Microsoft.,0,7700,2021-07-24 22:06:24.297197
Twitter API,https://habr.com/ru/hub/twitter_api/,"Twitter API — a set of classes, procedures, functions, structures and constants provided by the Twitter service for use in external software products.",0,7200,2021-07-24 22:06:24.297197
VK API,https://habr.com/ru/hub/vk_api/,"VK API — a set of classes, procedures, functions, structures and constants provided by the vk.com for use in external software products.",0,7900,2021-07-24 22:06:24.297197
Facebook API,https://habr.com/ru/hub/facebook_api/,"Facebook API — a set of classes, procedures, functions, structures and constants provided by the Facebook service for use in external software products.",0,7400,2021-07-24 22:06:24.297197
Microsoft Access,https://habr.com/ru/hub/ms_access/,Relational database management system.,0,6900,2021-07-24 22:06:24.297197
Development for Windows Phone,https://habr.com/ru/hub/wp_dev/,Developing for Windows Mobile OS,0,10500,2021-07-24 22:06:24.297197
Prolog,https://habr.com/ru/hub/prolog/,Prolog is a general-purpose logic programming language.,0,7300,2021-07-24 22:06:24.297197
GTK+,https://habr.com/ru/hub/gtk/,Сross-platform widget toolkit for creating graphical user interfaces,0,6800,2021-07-24 22:06:24.297197
LabVIEW,https://habr.com/ru/hub/labview/,LabVIEW is a system-design platform and development environment for a visual programming language.,0,7700,2021-07-24 22:06:24.297197
Brainfuck,https://habr.com/ru/hub/brainfuck/,"Brainfuck is an esoteric programming language created in 1993 by Urban Müller, and notable for its extreme minimalism.",0,7800,2021-07-24 22:06:24.297197
Cubrid,https://habr.com/ru/hub/cubrid/,CUBRID is an open source SQL-based relational database management system (RDBMS).,0,7200,2021-07-24 22:06:24.297197
Creative Commons,https://habr.com/ru/hub/creative_commons/,"Сopyright-licenses that allow creators to communicate which rights they reserve, and which rights they waive for the benefit of recipients or other creators.",0,8200,2021-07-24 22:06:24.297197
Mono & Moonlight,https://habr.com/ru/hub/mono/,Mono is a free and open-source .NET Framework-compatible set of tools.,0,8200,2021-07-24 22:06:24.297197
Doctrine ORM,https://habr.com/ru/hub/doctrine/,A set of PHP libraries primarily focused on providing persistence services and related functionality.,0,7500,2021-07-24 22:06:24.297197
Google App Engine,https://habr.com/ru/hub/gae/,A web framework and cloud computing platform for developing and hosting web applications,0,8400,2021-07-24 22:06:24.297197
Fidonet,https://habr.com/ru/hub/fido/,Worldwide amateur computer network,0,7800,2021-07-24 22:06:24.297197
Twisted,https://habr.com/ru/hub/twisted/,Event-driven network programming framework,0,7100,2021-07-24 22:06:24.297197
IPTV,https://habr.com/ru/hub/iptv/,The delivery of television content over Internet Protocol (IP) networks.,0,8400,2021-07-24 22:06:24.297197
XSLT,https://habr.com/ru/hub/xslt/,A language for transforming XML documents,0,7600,2021-07-24 22:06:24.297197
ASP,https://habr.com/ru/hub/asp/,The technology of creating web applications and web services,0,8400,2021-07-24 22:06:24.297197
Kohana,https://habr.com/ru/hub/kohanaphp/,PHP5 open-source framework,0,11600,2021-07-24 22:06:24.297197
Developmend for Java ME,https://habr.com/ru/hub/javame_dev/,Everything about J2ME-technologies,0,8200,2021-07-24 22:06:24.297197
LiveStreet,https://habr.com/ru/hub/livestreet/,An open source CMS,0,7200,2021-07-24 22:06:24.297197
MooTools,https://habr.com/ru/hub/mootools/,Free JavaScript-framework,0,7100,2021-07-24 22:06:24.297197
GreaseMonkey,https://habr.com/ru/hub/greasemonkey/,Mozilla Firefox extension,0,7200,2021-07-24 22:06:24.297197
INFOLUST,https://habr.com/ru/hub/infolust/,Mobile tags,0,7400,2021-07-24 22:06:24.297197
Lisp,https://habr.com/ru/hub/lisp/,Oldest high-level programming language,0,8100,2021-07-24 22:06:24.297197
Zend Framework,https://habr.com/ru/hub/zend_framework/,Free web development framework,0,7500,2021-07-24 22:06:24.297197
ExtJS/Sencha,https://habr.com/ru/hub/extjs/,JavaScript library,0,7600,2021-07-24 22:06:24.297197
jQuery,https://habr.com/ru/hub/jquery/,Popular JavaScript library,0,9600,2021-07-24 22:06:24.297197
Silverlight,https://habr.com/ru/hub/silverlight/,"Microsoft Silverlight (or simply Silverlight) is a deprecated application framework for writing and running rich Internet applications, similar to Adobe Flash.",0,8000,2021-07-24 22:06:24.297197
Google Web Toolkit,https://habr.com/ru/hub/gwt/,Open source set of tools that allows web developers to create and maintain complex JavaScript front-end applications in Java,0,8500,2021-07-24 22:06:24.297197
Self Promo,https://habr.com/ru/hub/i_am_advertising/,Everyone has a right for 5 minutes of fame,0,12000,2021-07-24 22:06:24.297197
Eclipse,https://habr.com/ru/hub/eclipse/,Free framework,0,7600,2021-07-24 22:06:24.297197
CakePHP,https://habr.com/ru/hub/cakephp/,A framework for creating web-applications,0,11600,2021-07-24 22:06:24.297197
Safari,https://habr.com/ru/hub/safari/,Browser developed by Apple,0,13400,2021-07-24 22:06:24.297197
MODX,https://habr.com/ru/hub/modx/,An open source CMS,0,7300,2021-07-24 22:06:24.297197
Global Positioning Systems,https://habr.com/ru/hub/geo_systems/,"GPS, GLONASS and other systems",0,9000,2021-07-24 22:06:24.297197
Drupal,https://habr.com/ru/hub/drupal/,Everything about Drupal CMS,0,7500,2021-07-24 22:06:24.297197
Opera,https://habr.com/ru/hub/opera/,Browser developed by Opera Software AS,0,9500,2021-07-24 22:06:24.297197
Microformats,https://habr.com/ru/hub/microformats/,Web-based approach to semantic markup which uses HTML/XHTML tags.,0,7800,2021-07-24 22:06:24.297197
Ajax,https://habr.com/ru/hub/AJAX/,Asynchronous Javascript and XML,0,9400,2021-07-24 22:06:24.297197
Perl,https://habr.com/ru/hub/perl/,"Perl is a high-level, interpreted, dynamic programming language.",0,12700,2021-07-24 22:06:24.297197
Venture investment,https://habr.com/ru/hub/venturecap/,Do not know where to invest? Here we come!,0.17,7600,2021-07-24 22:06:24.297197
TDD,https://habr.com/ru/hub/tdd/,Test driven development,-0.17,9000,2021-07-24 22:06:24.297197
Computer Animation,https://habr.com/ru/hub/animation/,Animating with computer,-0.67,5300,2021-07-24 22:06:24.297197
Internet marketing,https://habr.com/ru/hub/internetmarketing/,Aspects of traditional online marketing,-1.47,2700,2021-07-24 22:06:24.297197
